,1/22/20,1/23/20,1/24/20,1/25/20,1/26/20,1/27/20,1/28/20,1/29/20,1/30/20,1/31/20,2/1/20,2/10/20,2/11/20,2/12/20,2/13/20,2/14/20,2/15/20,2/16/20,2/17/20,2/18/20,2/19/20,2/2/20,2/20/20,2/21/20,2/22/20,2/23/20,2/24/20,2/25/20,2/26/20,2/27/20,2/28/20,2/29/20,2/3/20,2/4/20,2/5/20,2/6/20,2/7/20,2/8/20,2/9/20,3/1/20,3/10/20,3/11/20,3/12/20,3/13/20,3/14/20,3/15/20,3/16/20,3/17/20,3/18/20,3/19/20,3/2/20,3/20/20,3/21/20,3/22/20,3/23/20,3/24/20,3/25/20,3/26/20,3/27/20,3/28/20,3/29/20,3/3/20,3/30/20,3/31/20,3/4/20,3/5/20,3/6/20,3/7/20,3/8/20,3/9/20,4/1/20,Country/Region
0,0,0,0,0,0,0,0,0,0,0,0,0,0,0,0,0,0,0,0,0,0,0,0,0,0,0,1,1,1,1,1,1,0,0,0,0,0,0,0,1,5,7,7,7,11,16,21,22,22,22,1,24,24,40,40,74,84,94,110,110,120,1,170,174,1,1,1,1,4,4,237,Afghanistan
1,0,0,0,0,0,0,0,0,0,0,0,0,0,0,0,0,0,0,0,0,0,0,0,0,0,0,0,0,0,0,0,0,0,0,0,0,0,0,0,0,10,12,23,33,38,42,51,55,59,64,0,70,76,89,104,123,146,174,186,197,212,0,223,243,0,0,0,0,0,2,259,Albania
2,0,0,0,0,0,0,0,0,0,0,0,0,0,0,0,0,0,0,0,0,0,0,0,0,0,0,0,1,1,1,1,1,0,0,0,0,0,0,0,1,20,20,24,26,37,48,54,60,74,87,3,90,139,201,230,264,302,367,409,454,511,5,584,716,12,12,17,17,19,20,847,Algeria
3,0,0,0,0,0,0,0,0,0,0,0,0,0,0,0,0,0,0,0,0,0,0,0,0,0,0,0,0,0,0,0,0,0,0,0,0,0,0,0,0,1,1,1,1,1,1,2,39,39,53,1,75,88,113,133,164,188,224,267,308,334,1,370,376,1,1,1,1,1,1,390,Andorra
4,0,0,0,0,0,0,0,0,0,0,0,0,0,0,0,0,0,0,0,0,0,0,0,0,0,0,0,0,0,0,0,0,0,0,0,0,0,0,0,0,0,0,0,0,0,0,0,0,0,0,0,1,2,2,3,3,3,4,4,5,7,0,7,7,0,0,0,0,0,0,8,Angola
5,0,0,0,0,0,0,0,0,0,0,0,0,0,0,0,0,0,0,0,0,0,0,0,0,0,0,0,0,0,0,0,0,0,0,0,0,0,0,0,0,0,0,0,1,1,1,1,1,1,1,0,1,1,1,3,3,3,7,7,7,7,0,7,7,0,0,0,0,0,0,7,Antigua and Barbuda
6,0,0,0,0,0,0,0,0,0,0,0,0,0,0,0,0,0,0,0,0,0,0,0,0,0,0,0,0,0,0,0,0,0,0,0,0,0,0,0,0,17,19,19,31,34,45,56,68,79,97,0,128,158,266,301,387,387,502,589,690,745,1,820,1054,1,1,2,8,12,12,1054,Argentina
7,0,0,0,0,0,0,0,0,0,0,0,0,0,0,0,0,0,0,0,0,0,0,0,0,0,0,0,0,0,0,0,0,0,0,0,0,0,0,0,1,1,1,4,8,18,26,52,78,84,115,1,136,160,194,235,249,265,290,329,407,424,1,482,532,1,1,1,1,1,1,571,Armenia
16,0,0,0,0,0,0,0,0,0,0,0,0,0,0,0,0,0,0,0,0,0,0,0,0,0,0,0,2,2,3,3,9,0,0,0,0,0,0,0,14,182,246,302,504,655,860,1018,1332,1646,2013,18,2388,2814,3582,4474,5283,5588,6909,7657,8271,8788,21,9618,10180,29,41,55,79,104,131,10711,Austria
17,0,0,0,0,0,0,0,0,0,0,0,0,0,0,0,0,0,0,0,0,0,0,0,0,0,0,0,0,0,0,0,0,0,0,0,0,0,0,0,3,11,11,11,15,15,23,28,28,28,44,3,44,53,65,72,87,93,122,165,182,209,3,273,298,3,6,6,9,9,9,359,Azerbaijan
18,0,0,0,0,0,0,0,0,0,0,0,0,0,0,0,0,0,0,0,0,0,0,0,0,0,0,0,0,0,0,0,0,0,0,0,0,0,0,0,0,0,0,0,0,0,0,1,1,1,3,0,3,4,4,4,5,5,9,10,10,11,0,14,14,0,0,0,0,0,0,21,Bahamas
19,0,0,0,0,0,0,0,0,0,0,0,0,0,0,0,0,0,0,0,0,0,0,0,0,0,0,1,23,33,33,36,41,0,0,0,0,0,0,0,47,110,195,195,195,210,214,214,228,256,278,49,285,305,334,377,392,419,458,466,476,499,49,515,567,52,55,60,85,85,95,569,Bahrain
20,0,0,0,0,0,0,0,0,0,0,0,0,0,0,0,0,0,0,0,0,0,0,0,0,0,0,0,0,0,0,0,0,0,0,0,0,0,0,0,0,3,3,3,3,3,5,8,10,14,17,0,20,25,27,33,39,39,44,48,48,48,0,49,51,0,0,0,0,3,3,54,Bangladesh
21,0,0,0,0,0,0,0,0,0,0,0,0,0,0,0,0,0,0,0,0,0,0,0,0,0,0,0,0,0,0,0,0,0,0,0,0,0,0,0,0,0,0,0,0,0,0,0,2,2,5,0,5,6,14,17,18,18,18,24,26,33,0,33,34,0,0,0,0,0,0,34,Barbados
22,0,0,0,0,0,0,0,0,0,0,0,0,0,0,0,0,0,0,0,0,0,0,0,0,0,0,0,0,0,0,1,1,0,0,0,0,0,0,0,1,9,9,12,27,27,27,36,36,51,51,1,69,76,76,81,81,86,86,94,94,94,1,152,152,6,6,6,6,6,6,163,Belarus
23,0,0,0,0,0,0,0,0,0,0,0,1,1,1,1,1,1,1,1,1,1,0,1,1,1,1,1,1,1,1,1,1,0,1,1,1,1,1,1,2,267,314,314,559,689,886,1058,1243,1486,1795,8,2257,2815,3401,3743,4269,4937,6235,7284,9134,10836,13,11899,12775,23,50,109,169,200,239,13964,Belgium
24,0,0,0,0,0,0,0,0,0,0,0,0,0,0,0,0,0,0,0,0,0,0,0,0,0,0,0,0,0,0,0,0,0,0,0,0,0,0,0,0,0,0,0,0,0,0,1,1,2,2,0,2,2,2,5,6,6,6,6,6,6,0,6,9,0,0,0,0,0,0,13,Benin
25,0,0,0,0,0,0,0,0,0,0,0,0,0,0,0,0,0,0,0,0,0,0,0,0,0,0,0,0,0,0,0,0,0,0,0,0,0,0,0,0,1,1,1,1,1,1,1,1,1,1,0,2,2,2,2,2,2,2,3,3,4,0,4,4,0,0,1,1,1,1,4,Bhutan
26,0,0,0,0,0,0,0,0,0,0,0,0,0,0,0,0,0,0,0,0,0,0,0,0,0,0,0,0,0,0,0,0,0,0,0,0,0,0,0,0,0,2,2,3,10,10,11,11,12,12,0,15,19,24,27,29,32,43,61,74,81,0,97,107,0,0,0,0,0,0,115,Bolivia
27,0,0,0,0,0,0,0,0,0,0,0,0,0,0,0,0,0,0,0,0,0,0,0,0,0,0,0,0,0,0,0,0,0,0,0,0,0,0,0,0,5,7,11,13,18,24,25,26,38,63,0,89,93,126,136,166,176,191,237,258,323,0,368,420,0,2,2,3,3,3,459,Bosnia and Herzegovina
28,0,0,0,0,0,0,0,0,0,0,0,0,0,0,0,0,0,0,0,0,0,0,0,0,0,0,0,0,1,1,1,2,0,0,0,0,0,0,0,2,31,38,52,151,151,162,200,321,372,621,2,793,1021,1546,1924,2247,2554,2985,3417,3904,4256,2,4579,5717,4,4,13,13,20,25,6836,Brazil
29,0,0,0,0,0,0,0,0,0,0,0,0,0,0,0,0,0,0,0,0,0,0,0,0,0,0,0,0,0,0,0,0,0,0,0,0,0,0,0,0,1,11,11,37,40,50,54,56,68,75,0,78,83,88,91,104,109,114,115,120,126,0,127,129,0,0,0,0,0,1,131,Brunei
30,0,0,0,0,0,0,0,0,0,0,0,0,0,0,0,0,0,0,0,0,0,0,0,0,0,0,0,0,0,0,0,0,0,0,0,0,0,0,0,0,4,7,7,23,41,51,52,67,92,94,0,127,163,187,201,218,242,264,293,331,346,0,359,399,0,0,0,0,4,4,422,Bulgaria
31,0,0,0,0,0,0,0,0,0,0,0,0,0,0,0,0,0,0,0,0,0,0,0,0,0,0,0,0,0,0,0,0,0,0,0,0,0,0,0,0,1,2,2,2,2,3,15,15,20,33,0,40,64,75,99,114,146,152,180,207,222,0,246,261,0,0,0,0,0,0,282,Burkina Faso
32,0,0,0,0,0,0,0,0,0,0,0,0,0,0,0,0,0,0,0,0,0,0,0,0,0,0,0,0,0,0,0,0,0,0,0,0,0,0,0,0,0,0,0,0,0,0,0,0,0,0,0,1,3,3,3,3,4,4,5,5,6,0,6,6,0,0,0,0,0,0,6,Cabo Verde
33,0,0,0,0,0,1,1,1,1,1,1,1,1,1,1,1,1,1,1,1,1,1,1,1,1,1,1,1,1,1,1,1,1,1,1,1,1,1,1,1,2,3,3,5,7,7,7,33,35,37,1,51,53,84,87,91,96,96,99,99,103,1,107,109,1,1,1,1,2,2,109,Cambodia
34,0,0,0,0,0,0,0,0,0,0,0,0,0,0,0,0,0,0,0,0,0,0,0,0,0,0,0,0,0,0,0,0,0,0,0,0,0,0,0,0,2,2,2,2,2,2,4,10,10,13,0,20,27,40,56,66,75,75,91,91,139,0,139,193,0,0,1,1,2,2,233,Cameroon
46,0,0,0,0,0,0,0,0,0,0,0,0,0,0,0,0,0,0,0,0,0,0,0,0,0,0,0,0,0,0,0,0,0,0,0,0,0,0,0,0,0,0,0,0,0,1,1,1,1,1,0,3,3,3,3,3,3,3,3,3,3,0,3,3,0,0,0,0,0,0,3,Central African Republic
47,0,0,0,0,0,0,0,0,0,0,0,0,0,0,0,0,0,0,0,0,0,0,0,0,0,0,0,0,0,0,0,0,0,0,0,0,0,0,0,0,0,0,0,0,0,0,0,0,0,1,0,1,1,1,1,3,3,3,3,3,3,0,5,7,0,0,0,0,0,0,7,Chad
48,0,0,0,0,0,0,0,0,0,0,0,0,0,0,0,0,0,0,0,0,0,0,0,0,0,0,0,0,0,0,0,0,0,0,0,0,0,0,0,0,13,23,23,43,61,74,155,201,238,238,0,434,537,632,746,922,1142,1306,1610,1909,2139,1,2449,2738,1,4,4,4,8,8,3031,Chile
82,0,0,0,0,0,0,0,0,0,0,0,0,0,0,0,0,0,0,0,0,0,0,0,0,0,0,0,0,0,0,0,0,0,0,0,0,0,0,0,0,3,9,9,13,22,34,54,65,93,102,0,128,196,231,277,378,470,491,539,608,702,0,798,906,0,0,1,1,1,1,1065,Colombia
83,0,0,0,0,0,0,0,0,0,0,0,0,0,0,0,0,0,0,0,0,0,0,0,0,0,0,0,0,0,0,0,0,0,0,0,0,0,0,0,0,0,0,0,0,0,1,1,1,1,3,0,3,3,3,4,4,4,4,4,4,19,0,19,19,0,0,0,0,0,0,19,Congo (Brazzaville)
84,0,0,0,0,0,0,0,0,0,0,0,0,0,0,0,0,0,0,0,0,0,0,0,0,0,0,0,0,0,0,0,0,0,0,0,0,0,0,0,0,0,1,1,2,2,2,2,3,4,14,0,18,23,30,36,45,48,51,51,65,65,0,81,98,0,0,0,0,0,0,109,Congo (Kinshasa)
85,0,0,0,0,0,0,0,0,0,0,0,0,0,0,0,0,0,0,0,0,0,0,0,0,0,0,0,0,0,0,0,0,0,0,0,0,0,0,0,0,9,13,22,23,26,27,35,41,50,69,0,89,117,134,158,177,201,231,263,295,314,0,330,347,0,0,1,1,5,9,375,Costa Rica
86,0,0,0,0,0,0,0,0,0,0,0,0,0,0,0,0,0,0,0,0,0,0,0,0,0,0,0,0,0,0,0,0,0,0,0,0,0,0,0,0,0,1,1,1,1,1,1,5,6,9,0,9,14,14,25,73,80,96,101,101,165,0,168,179,0,0,0,0,0,0,190,Cote d'Ivoire
87,0,0,0,0,0,0,0,0,0,0,0,0,0,0,0,0,0,0,0,0,0,0,0,0,0,0,0,1,3,3,5,6,0,0,0,0,0,0,0,7,14,19,19,32,38,49,57,65,81,105,7,128,206,254,315,382,442,495,586,657,713,9,790,867,10,10,11,12,12,12,963,Croatia
88,0,0,0,0,0,0,0,0,0,0,0,135,135,175,175,218,285,355,454,542,621,0,634,634,634,691,691,691,705,705,705,705,0,0,0,0,61,61,64,705,706,706,706,706,706,706,706,706,712,712,705,712,712,712,712,712,712,712,712,712,712,706,712,712,706,706,706,706,706,706,712,Diamond Princess
89,0,0,0,0,0,0,0,0,0,0,0,0,0,0,0,0,0,0,0,0,0,0,0,0,0,0,0,0,0,0,0,0,0,0,0,0,0,0,0,0,0,0,3,4,4,4,4,5,7,11,0,16,21,35,40,48,57,67,80,119,139,0,170,186,0,0,0,0,0,0,212,Cuba
90,0,0,0,0,0,0,0,0,0,0,0,0,0,0,0,0,0,0,0,0,0,0,0,0,0,0,0,0,0,0,0,0,0,0,0,0,0,0,0,0,3,6,6,14,26,26,33,46,49,67,0,67,84,95,116,124,132,146,162,179,214,0,230,262,0,0,0,0,0,2,320,Cyprus
91,0,0,0,0,0,0,0,0,0,0,0,0,0,0,0,0,0,0,0,0,0,0,0,0,0,0,0,0,0,0,0,0,0,0,0,0,0,0,0,3,41,91,94,141,189,253,298,396,464,694,3,833,995,1120,1236,1394,1654,1925,2279,2631,2817,5,3001,3308,8,12,18,19,31,31,3508,Czechia
95,0,0,0,0,0,0,0,0,0,0,0,0,0,0,0,0,0,0,0,0,0,0,0,0,0,0,0,0,0,0,0,0,0,0,0,0,0,0,0,0,0,0,0,0,0,0,0,0,1,1,0,1,1,1,3,3,11,11,12,14,18,0,18,30,0,0,0,0,0,0,33,Djibouti
96,0,0,0,0,0,0,0,0,0,0,0,0,0,0,0,0,0,0,0,0,0,0,0,0,0,0,0,0,0,0,0,0,0,0,0,0,0,0,0,1,5,5,5,5,11,11,11,21,21,34,1,72,112,202,245,312,392,488,581,719,859,1,901,1109,1,1,2,2,5,5,1284,Dominican Republic
97,0,0,0,0,0,0,0,0,0,0,0,0,0,0,0,0,0,0,0,0,0,0,0,0,0,0,0,0,0,0,0,0,0,0,0,0,0,0,0,6,15,17,17,17,28,28,37,58,111,199,6,367,506,789,981,1082,1173,1403,1595,1823,1924,7,1962,2240,10,13,13,13,14,15,2748,Ecuador
98,0,0,0,0,0,0,0,0,0,0,0,0,0,0,0,1,1,1,1,1,1,0,1,1,1,1,1,1,1,1,1,1,0,0,0,0,0,0,0,2,59,60,67,80,109,110,150,196,196,256,2,285,294,327,366,402,456,495,536,576,609,2,656,710,2,3,15,15,49,55,779,Egypt
99,0,0,0,0,0,0,0,0,0,0,0,0,0,0,0,0,0,0,0,0,0,0,0,0,0,0,0,0,0,0,0,0,0,0,0,0,0,0,0,0,0,0,0,0,0,0,0,0,0,1,0,1,3,3,3,5,9,13,13,19,24,0,30,32,0,0,0,0,0,0,32,El Salvador
100,0,0,0,0,0,0,0,0,0,0,0,0,0,0,0,0,0,0,0,0,0,0,0,0,0,0,0,0,0,0,0,0,0,0,0,0,0,0,0,0,0,0,0,0,0,1,1,1,4,6,0,6,6,6,9,9,9,12,12,12,12,0,12,12,0,0,0,0,0,0,15,Equatorial Guinea
101,0,0,0,0,0,0,0,0,0,0,0,0,0,0,0,0,0,0,0,0,0,0,0,0,0,0,0,0,0,0,0,0,0,0,0,0,0,0,0,0,0,0,0,0,0,0,0,0,0,0,0,0,1,1,1,1,4,6,6,6,12,0,12,15,0,0,0,0,0,0,15,Eritrea
102,0,0,0,0,0,0,0,0,0,0,0,0,0,0,0,0,0,0,0,0,0,0,0,0,0,0,0,0,0,1,1,1,0,0,0,0,0,0,0,1,12,16,16,79,115,171,205,225,258,267,1,283,306,326,352,369,404,538,575,645,679,2,715,745,2,3,10,10,10,10,779,Estonia
103,0,0,0,0,0,0,0,0,0,0,0,0,0,0,0,0,0,0,0,0,0,0,0,0,0,0,0,0,0,0,0,0,0,0,0,0,0,0,0,0,0,0,0,0,1,1,1,1,1,1,0,1,1,4,4,4,4,6,9,9,9,0,9,9,0,0,0,0,0,0,9,Eswatini
104,0,0,0,0,0,0,0,0,0,0,0,0,0,0,0,0,0,0,0,0,0,0,0,0,0,0,0,0,0,0,0,0,0,0,0,0,0,0,0,0,0,0,0,1,1,1,5,5,6,6,0,9,9,11,11,12,12,12,16,16,21,0,23,26,0,0,0,0,0,0,29,Ethiopia
105,0,0,0,0,0,0,0,0,0,0,0,0,0,0,0,0,0,0,0,0,0,0,0,0,0,0,0,0,0,0,0,0,0,0,0,0,0,0,0,0,0,0,0,0,0,0,0,0,0,1,0,1,1,2,3,4,5,5,5,5,5,0,5,5,0,0,0,0,0,0,5,Fiji
106,0,0,0,0,0,0,0,1,1,1,1,1,1,1,1,1,1,1,1,1,1,1,1,1,1,1,1,1,2,2,2,3,1,1,1,1,1,1,1,6,40,59,59,155,225,244,277,321,336,400,6,450,523,626,700,792,880,958,1041,1167,1240,6,1352,1418,6,12,15,15,23,30,1446,Finland
117,0,0,0,0,0,0,0,0,0,0,0,0,0,0,0,0,0,0,0,0,0,0,0,0,0,0,0,0,0,0,0,0,0,0,0,0,0,0,0,0,0,0,0,0,1,1,1,1,1,1,0,3,4,5,5,6,6,7,7,7,7,0,7,16,0,0,0,0,0,0,18,Gabon
118,0,0,0,0,0,0,0,0,0,0,0,0,0,0,0,0,0,0,0,0,0,0,0,0,0,0,0,0,0,0,0,0,0,0,0,0,0,0,0,0,0,0,0,0,0,0,0,1,1,1,0,1,1,1,2,3,3,3,3,3,4,0,4,4,0,0,0,0,0,0,4,Gambia
119,0,0,0,0,0,0,0,0,0,0,0,0,0,0,0,0,0,0,0,0,0,0,0,0,0,0,0,0,1,1,1,1,0,0,0,0,0,0,0,3,15,24,24,25,30,33,33,34,38,40,3,43,49,54,61,70,75,79,83,90,91,3,103,110,3,4,4,4,13,15,117,Georgia
120,0,0,0,0,0,1,4,4,4,5,8,14,16,16,16,16,16,16,16,16,16,10,16,16,16,16,16,17,27,46,48,79,12,12,12,12,13,13,14,130,1457,1908,2078,3675,4585,5795,7272,9257,12327,15320,159,19848,22213,24873,29056,32986,37323,43938,50871,57695,62095,196,66885,71808,262,482,670,799,1040,1176,77872,Germany
121,0,0,0,0,0,0,0,0,0,0,0,0,0,0,0,0,0,0,0,0,0,0,0,0,0,0,0,0,0,0,0,0,0,0,0,0,0,0,0,0,0,0,0,0,3,6,6,7,7,11,0,16,19,23,27,53,93,132,137,141,152,0,152,161,0,0,0,0,0,0,195,Ghana
122,0,0,0,0,0,0,0,0,0,0,0,0,0,0,0,0,0,0,0,0,0,0,0,0,0,0,0,0,1,3,4,4,0,0,0,0,0,0,0,7,89,99,99,190,228,331,331,387,418,418,7,495,530,624,695,743,821,892,966,1061,1156,7,1212,1314,9,31,45,46,73,73,1415,Greece
123,0,0,0,0,0,0,0,0,0,0,0,0,0,0,0,0,0,0,0,0,0,0,0,0,0,0,0,0,0,0,0,0,0,0,0,0,0,0,0,0,0,0,0,0,1,1,2,6,6,9,0,12,17,19,20,21,24,25,28,34,34,0,36,38,0,0,0,0,0,0,39,Guatemala
124,0,0,0,0,0,0,0,0,0,0,0,0,0,0,0,0,0,0,0,0,0,0,0,0,0,0,0,0,0,0,0,0,0,0,0,0,0,0,0,0,0,0,0,1,1,1,1,1,1,1,0,1,2,2,4,4,4,4,8,8,16,0,22,22,0,0,0,0,0,0,30,Guinea
125,0,0,0,0,0,0,0,0,0,0,0,0,0,0,0,0,0,0,0,0,0,0,0,0,0,0,0,0,0,0,0,0,0,0,0,0,0,0,0,0,0,0,1,1,1,4,4,7,7,7,0,7,7,19,20,5,5,5,5,8,8,0,8,12,0,0,0,0,0,0,19,Guyana
126,0,0,0,0,0,0,0,0,0,0,0,0,0,0,0,0,0,0,0,0,0,0,0,0,0,0,0,0,0,0,0,0,0,0,0,0,0,0,0,0,0,0,0,0,0,0,0,0,0,0,0,2,2,2,6,7,8,8,8,8,15,0,15,15,0,0,0,0,0,0,16,Haiti
127,0,0,0,0,0,0,0,0,0,0,0,0,0,0,0,0,0,0,0,0,0,0,0,0,0,0,0,0,0,0,0,0,0,0,0,0,0,0,0,0,1,1,1,1,1,1,1,1,1,1,0,1,1,1,1,4,4,4,4,6,6,0,6,6,0,0,1,1,1,1,6,Holy See
128,0,0,0,0,0,0,0,0,0,0,0,0,0,0,0,0,0,0,0,0,0,0,0,0,0,0,0,0,0,0,0,0,0,0,0,0,0,0,0,0,0,2,2,2,2,3,6,8,9,12,0,24,24,26,30,30,36,52,68,95,110,0,139,141,0,0,0,0,0,0,172,Honduras
129,0,0,0,0,0,0,0,0,0,0,0,0,0,0,0,0,0,0,0,0,0,0,0,0,0,0,0,0,0,0,0,0,0,0,0,0,0,0,0,0,9,13,13,19,30,32,39,50,58,73,0,85,103,131,167,187,226,261,300,343,408,0,447,492,2,2,2,4,7,9,525,Hungary
130,0,0,0,0,0,0,0,0,0,0,0,0,0,0,0,0,0,0,0,0,0,0,0,0,0,0,0,0,0,0,1,1,0,0,0,0,0,0,0,3,69,85,103,134,156,171,180,220,250,330,6,409,473,568,588,648,737,802,890,963,1020,11,1086,1135,26,34,43,50,50,58,1220,Iceland
131,0,0,0,0,0,0,0,0,1,1,1,3,3,3,3,3,3,3,3,3,3,2,3,3,3,3,3,3,3,3,3,3,3,3,3,3,3,3,3,3,56,62,73,82,102,113,119,142,156,194,5,244,330,396,499,536,657,727,887,987,1024,5,1251,1397,28,30,31,34,39,43,1998,India
132,0,0,0,0,0,0,0,0,0,0,0,0,0,0,0,0,0,0,0,0,0,0,0,0,0,0,0,0,0,0,0,0,0,0,0,0,0,0,0,0,27,34,34,69,96,117,134,172,227,311,2,369,450,514,579,686,790,893,1046,1155,1285,2,1414,1528,2,2,4,4,6,19,1677,Indonesia
133,0,0,0,0,0,0,0,0,0,0,0,0,0,0,0,0,0,0,0,0,2,0,5,18,28,43,61,95,139,245,388,593,0,0,0,0,0,0,0,978,8042,9000,10075,11364,12729,13938,14991,16169,17361,18407,1501,19644,20610,21638,23049,24811,27017,29406,32332,35408,38309,2336,41495,44605,2922,3513,4747,5823,6566,7161,47593,Iran
134,0,0,0,0,0,0,0,0,0,0,0,0,0,0,0,0,0,0,0,0,0,0,0,0,0,0,1,1,5,7,7,13,0,0,0,0,0,0,0,19,71,71,71,101,110,116,124,154,164,192,26,208,214,233,266,316,346,382,458,506,547,32,630,694,35,35,40,54,60,60,728,Iraq
135,0,0,0,0,0,0,0,0,0,0,0,0,0,0,0,0,0,0,0,0,0,0,0,0,0,0,0,0,0,0,0,1,0,0,0,0,0,0,0,1,34,43,43,90,129,129,169,223,292,557,1,683,785,906,1125,1329,1564,1819,2121,2415,2615,2,2910,3235,6,6,18,18,19,21,3447,Ireland
136,0,0,0,0,0,0,0,0,0,0,0,0,0,0,0,0,0,0,0,0,0,0,0,1,1,1,1,1,2,3,4,7,0,0,0,0,0,0,0,10,75,79,100,126,155,213,218,250,304,427,10,529,712,883,1071,1238,2369,2693,3035,3619,4247,12,4695,5358,15,20,37,43,61,61,6092,Israel
137,0,0,0,0,0,0,0,0,0,2,2,3,3,3,3,3,3,3,3,3,3,2,3,20,62,155,229,322,453,655,888,1128,2,2,2,2,3,3,3,1694,10149,12462,12462,17660,21157,24747,27980,31506,35713,41035,2036,47021,53578,59138,63927,69176,74386,80589,86498,92472,97689,2502,101739,105792,3089,3858,4636,5883,7375,9172,110574,Italy
138,0,0,0,0,0,0,0,0,0,0,0,0,0,0,0,0,0,0,0,0,0,0,0,0,0,0,0,0,0,0,0,0,0,0,0,0,0,0,0,0,0,1,2,8,8,10,10,12,13,15,0,16,16,19,19,21,26,26,26,30,32,0,36,36,0,0,0,0,0,0,44,Jamaica
139,2,2,2,2,4,4,7,7,11,15,20,26,26,28,28,29,43,59,66,74,84,20,94,105,122,147,159,170,189,214,228,241,20,22,22,22,25,25,26,256,581,639,639,701,773,839,839,878,889,924,274,963,1007,1101,1128,1193,1307,1387,1468,1693,1866,293,1866,1953,331,360,420,461,502,511,2178,Japan
140,0,0,0,0,0,0,0,0,0,0,0,0,0,0,0,0,0,0,0,0,0,0,0,0,0,0,0,0,0,0,0,0,0,0,0,0,0,0,0,0,1,1,1,1,1,8,17,34,52,69,0,85,85,112,127,154,172,212,235,246,259,1,268,274,1,1,1,1,1,1,278,Jordan
141,0,0,0,0,0,0,0,0,0,0,0,0,0,0,0,0,0,0,0,0,0,0,0,0,0,0,0,0,0,0,0,0,0,0,0,0,0,0,0,0,0,0,0,4,6,9,10,33,35,44,0,49,53,60,62,72,81,111,150,228,284,0,302,343,0,0,0,0,0,0,380,Kazakhstan
142,0,0,0,0,0,0,0,0,0,0,0,0,0,0,0,0,0,0,0,0,0,0,0,0,0,0,0,0,0,0,0,0,0,0,0,0,0,0,0,0,0,0,0,1,1,3,3,3,3,7,0,7,7,15,16,25,28,31,31,38,42,0,50,59,0,0,0,0,0,0,81,Kenya
143,1,1,2,2,3,4,4,4,4,11,12,27,28,28,28,28,28,29,30,31,31,15,104,204,433,602,833,977,1261,1766,2337,3150,15,16,19,23,24,24,25,3736,7513,7755,7869,7979,8086,8162,8236,8320,8413,8565,4335,8652,8799,8961,8961,9037,9137,9241,9332,9478,9583,5186,9661,9786,5621,6088,6593,7041,7314,7478,9887,"Korea, South"
144,0,0,0,0,0,0,0,0,0,0,0,0,0,0,0,0,0,0,0,0,0,0,0,0,0,0,1,11,26,43,45,45,0,0,0,0,0,0,0,45,69,72,80,80,104,112,123,130,142,148,56,159,176,188,189,191,195,208,225,235,255,56,266,289,56,58,58,61,64,64,317,Kuwait
145,0,0,0,0,0,0,0,0,0,0,0,0,0,0,0,0,0,0,0,0,0,0,0,0,0,0,0,0,0,0,0,0,0,0,0,0,0,0,0,0,0,0,0,0,0,0,0,0,3,3,0,6,14,14,16,42,44,44,58,58,84,0,94,107,0,0,0,0,0,0,111,Kyrgyzstan
146,0,0,0,0,0,0,0,0,0,0,0,0,0,0,0,0,0,0,0,0,0,0,0,0,0,0,0,0,0,0,0,0,0,0,0,0,0,0,0,0,8,10,10,17,26,30,34,49,71,86,1,111,124,139,180,197,221,244,280,305,347,1,376,398,1,1,1,1,2,6,446,Latvia
147,0,0,0,0,0,0,0,0,0,0,0,0,0,0,0,0,0,0,0,0,0,0,0,1,1,1,1,1,2,2,2,4,0,0,0,0,0,0,0,10,41,61,61,77,93,110,110,120,133,157,13,163,187,248,267,318,333,368,391,412,438,13,446,470,13,16,22,22,32,32,479,Lebanon
148,0,0,0,0,0,0,0,0,0,0,0,0,0,0,0,0,0,0,0,0,0,0,0,0,0,0,0,0,0,0,0,0,0,0,0,0,0,0,0,0,0,0,0,0,0,0,1,1,2,2,0,2,3,3,3,3,3,3,3,3,3,0,3,3,0,0,0,0,0,0,6,Liberia
149,0,0,0,0,0,0,0,0,0,0,0,0,0,0,0,0,0,0,0,0,0,0,0,0,0,0,0,0,0,0,0,0,0,0,0,0,0,0,0,0,1,1,1,1,4,4,4,7,28,28,0,28,37,37,51,51,51,56,56,56,56,0,62,68,1,1,1,1,1,1,68,Liechtenstein
150,0,0,0,0,0,0,0,0,0,0,0,0,0,0,0,0,0,0,0,0,0,0,0,0,0,0,0,0,0,0,1,1,0,0,0,0,0,0,0,1,1,3,3,6,8,12,17,25,27,36,1,49,83,143,179,209,274,299,358,394,460,1,491,537,1,1,1,1,1,1,581,Lithuania
151,0,0,0,0,0,0,0,0,0,0,0,0,0,0,0,0,0,0,0,0,0,0,0,0,0,0,0,0,0,0,0,1,0,0,0,0,0,0,0,1,5,7,19,34,51,59,77,140,203,335,1,484,670,798,875,1099,1333,1453,1605,1831,1950,1,1988,2178,1,1,2,2,3,3,2319,Luxembourg
152,0,0,0,0,0,0,0,0,0,0,0,0,0,0,0,0,0,0,0,0,0,0,0,0,0,0,0,0,0,0,0,0,0,0,0,0,0,0,0,0,0,0,0,0,0,0,0,0,0,0,0,3,3,3,12,17,19,23,26,26,39,0,43,57,0,0,0,0,0,0,57,Madagascar
153,0,0,0,3,4,4,4,7,8,8,8,18,18,18,19,19,22,22,22,22,22,8,22,22,22,22,22,22,22,23,23,25,8,10,12,12,12,16,16,29,129,149,149,197,238,428,566,673,790,900,29,1030,1183,1306,1518,1624,1796,2031,2161,2320,2470,36,2626,2766,50,50,83,93,99,117,2908,Malaysia
154,0,0,0,0,0,0,0,0,0,0,0,0,0,0,0,0,0,0,0,0,0,0,0,0,0,0,0,0,0,0,0,0,0,0,0,0,0,0,0,0,6,8,8,9,10,13,13,13,13,13,0,13,13,13,13,13,13,13,16,16,17,0,17,18,0,0,0,0,4,4,19,Maldives
155,0,0,0,0,0,0,0,0,0,0,0,0,0,0,0,0,0,0,0,0,0,0,0,0,0,0,0,0,0,0,0,0,0,0,0,0,0,0,0,0,5,6,6,12,18,21,30,38,38,53,0,64,73,90,107,110,129,134,139,149,151,0,156,169,0,0,0,3,3,3,188,Malta
156,0,0,0,0,0,0,0,0,0,0,0,0,0,0,0,0,0,0,0,0,0,0,0,0,0,0,0,0,0,0,0,0,0,0,0,0,0,0,0,0,0,0,0,0,1,1,1,1,1,2,0,2,2,2,2,2,2,3,3,5,5,0,5,6,0,0,0,0,0,0,6,Mauritania
157,0,0,0,0,0,0,0,0,0,0,0,0,0,0,0,0,0,0,0,0,0,0,0,0,0,0,0,0,0,0,0,0,0,0,0,0,0,0,0,0,0,0,0,0,0,0,0,0,3,3,0,12,14,28,36,42,48,81,94,102,107,0,128,143,0,0,0,0,0,0,161,Mauritius
158,0,0,0,0,0,0,0,0,0,0,0,0,0,0,0,0,0,0,0,0,0,0,0,0,0,0,0,0,0,0,1,4,0,0,0,0,0,0,0,5,7,8,12,12,26,41,53,82,93,118,5,164,203,251,316,367,405,475,585,717,848,5,993,1094,5,5,6,6,7,7,1215,Mexico
159,0,0,0,0,0,0,0,0,0,0,0,0,0,0,0,0,0,0,0,0,0,0,0,0,0,0,0,0,0,0,0,0,0,0,0,0,0,0,0,0,3,3,3,6,12,23,23,30,30,49,0,66,80,94,109,125,149,177,199,231,263,0,298,353,0,0,0,0,1,1,423,Moldova
160,0,0,0,0,0,0,0,0,0,0,0,0,0,0,0,0,0,0,0,0,0,0,0,0,0,0,0,0,0,0,0,1,0,0,0,0,0,0,0,1,1,1,2,2,2,2,7,7,7,7,1,11,11,23,23,23,31,33,42,42,46,1,49,52,1,1,1,1,1,1,55,Monaco
161,0,0,0,0,0,0,0,0,0,0,0,0,0,0,0,0,0,0,0,0,0,0,0,0,0,0,0,0,0,0,0,0,0,0,0,0,0,0,0,0,1,1,1,1,1,1,1,5,6,6,0,6,10,10,10,10,10,11,11,12,12,0,12,12,0,0,0,0,0,0,14,Mongolia
162,0,0,0,0,0,0,0,0,0,0,0,0,0,0,0,0,0,0,0,0,0,0,0,0,0,0,0,0,0,0,0,0,0,0,0,0,0,0,0,0,0,0,0,0,0,0,0,2,2,3,0,14,14,21,27,47,52,69,82,84,85,0,91,109,0,0,0,0,0,0,123,Montenegro
163,0,0,0,0,0,0,0,0,0,0,0,0,0,0,0,0,0,0,0,0,0,0,0,0,0,0,0,0,0,0,0,0,0,0,0,0,0,0,0,0,3,5,6,7,17,28,29,38,49,63,1,77,96,115,143,170,225,275,345,402,479,1,556,617,1,2,2,2,2,2,654,Morocco
164,0,0,0,0,0,0,0,0,0,0,0,0,0,0,0,0,0,0,0,0,0,0,0,0,0,0,0,0,0,0,0,0,0,0,0,0,0,0,0,0,0,0,0,0,2,2,2,2,2,3,0,3,3,3,4,7,7,8,8,8,11,0,11,11,0,0,0,0,0,0,14,Namibia
165,0,0,0,1,1,1,1,1,1,1,1,1,1,1,1,1,1,1,1,1,1,1,1,1,1,1,1,1,1,1,1,1,1,1,1,1,1,1,1,1,1,1,1,1,1,1,1,1,1,1,1,1,1,1,2,2,3,3,4,5,5,1,5,5,1,1,1,1,1,1,5,Nepal
170,0,0,0,0,0,0,0,0,0,0,0,0,0,0,0,0,0,0,0,0,0,0,0,0,0,0,0,0,0,0,1,1,0,0,0,0,0,0,0,1,5,5,5,5,6,8,8,12,20,28,1,39,52,102,102,155,205,283,368,451,514,1,589,647,3,3,4,5,5,5,708,New Zealand
171,0,0,0,0,0,0,0,0,0,0,0,0,0,0,0,0,0,0,0,0,0,0,0,0,0,0,0,0,0,0,0,0,0,0,0,0,0,0,0,0,0,0,0,0,0,0,0,0,0,1,0,1,2,2,2,2,2,2,2,4,4,0,4,5,0,0,0,0,0,0,5,Nicaragua
172,0,0,0,0,0,0,0,0,0,0,0,0,0,0,0,0,0,0,0,0,0,0,0,0,0,0,0,0,0,0,0,0,0,0,0,0,0,0,0,0,0,0,0,0,0,0,0,0,0,0,0,1,1,2,3,3,7,10,10,10,18,0,27,27,0,0,0,0,0,0,74,Niger
173,0,0,0,0,0,0,0,0,0,0,0,0,0,0,0,0,0,0,0,0,0,0,0,0,0,0,0,0,0,0,1,1,0,0,0,0,0,0,0,1,2,2,2,2,2,2,2,3,8,8,1,12,22,30,40,44,51,65,70,89,111,1,131,135,1,1,1,1,1,2,174,Nigeria
174,0,0,0,0,0,0,0,0,0,0,0,0,0,0,0,0,0,0,0,0,0,0,0,0,0,0,0,0,1,1,1,1,0,0,0,0,0,0,0,1,7,7,7,14,14,14,18,26,35,48,1,67,85,115,136,148,177,201,219,241,259,1,285,329,1,1,3,3,3,3,354,North Macedonia
175,0,0,0,0,0,0,0,0,0,0,0,0,0,0,0,0,0,0,0,0,0,0,0,0,0,0,0,0,1,1,6,15,0,0,0,0,0,0,0,19,400,598,702,996,1090,1221,1333,1463,1550,1746,25,1914,2118,2385,2621,2863,3084,3369,3755,4015,4284,32,4445,4641,56,87,108,147,176,205,4863,Norway
176,0,0,0,0,0,0,0,0,0,0,0,0,0,0,0,0,0,0,0,0,0,0,0,0,0,0,2,2,4,4,4,6,0,0,0,0,0,0,0,6,18,18,18,19,19,22,22,24,39,48,6,48,52,55,66,84,99,109,131,152,167,12,179,192,15,16,16,16,16,16,210,Oman
177,0,0,0,0,0,0,0,0,0,0,0,0,0,0,0,0,0,0,0,0,0,0,0,0,0,0,0,0,2,2,2,4,0,0,0,0,0,0,0,4,16,19,20,28,31,53,136,236,299,454,4,501,730,776,875,972,1063,1201,1373,1495,1597,5,1717,1938,5,5,6,6,6,6,2118,Pakistan
178,0,0,0,0,0,0,0,0,0,0,0,0,0,0,0,0,0,0,0,0,0,0,0,0,0,0,0,0,0,0,0,0,0,0,0,0,0,0,0,0,1,8,11,27,36,43,55,69,86,109,0,137,200,313,345,345,443,558,674,786,901,0,989,1181,0,0,0,0,0,0,1181,Panama
179,0,0,0,0,0,0,0,0,0,0,0,0,0,0,0,0,0,0,0,0,0,0,0,0,0,0,0,0,0,0,0,0,0,0,0,0,0,0,0,0,0,0,0,0,0,0,0,0,0,0,0,1,1,1,1,1,1,1,1,1,1,0,1,1,0,0,0,0,0,0,1,Papua New Guinea
180,0,0,0,0,0,0,0,0,0,0,0,0,0,0,0,0,0,0,0,0,0,0,0,0,0,0,0,0,0,0,0,0,0,0,0,0,0,0,0,0,1,5,5,6,6,6,8,9,11,11,0,13,18,22,22,27,37,41,52,56,59,0,64,65,0,0,0,0,1,1,69,Paraguay
181,0,0,0,0,0,0,0,0,0,0,0,0,0,0,0,0,0,0,0,0,0,0,0,0,0,0,0,0,0,0,0,0,0,0,0,0,0,0,0,0,11,11,15,28,38,43,86,117,145,234,0,234,318,363,395,416,480,580,635,671,852,0,950,1065,0,0,1,1,6,7,1323,Peru
182,0,0,0,0,0,0,0,0,1,1,1,3,3,3,3,3,3,3,3,3,3,2,3,3,3,3,3,3,3,3,3,3,2,2,2,2,3,3,3,3,33,49,52,64,111,140,142,187,202,217,3,230,307,380,462,552,636,707,803,1075,1418,3,1546,2084,3,3,5,6,10,20,2311,Philippines
183,0,0,0,0,0,0,0,0,0,0,0,0,0,0,0,0,0,0,0,0,0,0,0,0,0,0,0,0,0,0,0,0,0,0,0,0,0,0,0,0,22,31,49,68,103,119,177,238,251,355,0,425,536,634,749,901,1051,1221,1389,1638,1862,0,2055,2311,1,1,5,5,11,16,2554,Poland
184,0,0,0,0,0,0,0,0,0,0,0,0,0,0,0,0,0,0,0,0,0,0,0,0,0,0,0,0,0,0,0,0,0,0,0,0,0,0,0,0,41,59,59,112,169,245,331,448,448,785,2,1020,1280,1600,2060,2362,2995,3544,4268,5170,5962,2,6408,7443,5,8,13,20,30,30,8251,Portugal
185,0,0,0,0,0,0,0,0,0,0,0,0,0,0,0,0,0,0,0,0,0,0,0,0,0,0,0,0,0,0,0,1,0,0,0,0,0,0,0,3,24,262,262,320,337,401,439,439,452,460,3,470,481,494,501,526,537,549,562,590,634,7,693,781,8,8,8,8,15,18,835,Qatar
186,0,0,0,0,0,0,0,0,0,0,0,0,0,0,0,0,0,0,0,0,0,0,0,0,0,0,0,0,1,1,3,3,0,0,0,0,0,0,0,3,25,45,49,89,123,131,158,184,260,277,3,308,367,433,576,794,906,1029,1292,1452,1815,3,2109,2245,4,6,9,9,15,15,2460,Romania
187,0,0,0,0,0,0,0,0,0,2,2,2,2,2,2,2,2,2,2,2,2,2,2,2,2,2,2,2,2,2,2,2,2,2,2,2,2,2,2,2,20,20,28,45,59,63,90,114,147,199,3,253,306,367,438,495,658,840,1036,1264,1534,3,1836,2337,3,4,13,13,17,17,2777,Russia
188,0,0,0,0,0,0,0,0,0,0,0,0,0,0,0,0,0,0,0,0,0,0,0,0,0,0,0,0,0,0,0,0,0,0,0,0,0,0,0,0,0,0,0,0,1,1,5,7,8,8,0,17,17,19,36,40,41,50,54,60,70,0,70,75,0,0,0,0,0,0,82,Rwanda
189,0,0,0,0,0,0,0,0,0,0,0,0,0,0,0,0,0,0,0,0,0,0,0,0,0,0,0,0,0,0,0,0,0,0,0,0,0,0,0,0,0,0,0,0,1,2,2,2,2,2,0,2,2,2,3,3,3,3,3,3,9,0,9,13,0,0,0,0,0,0,13,Saint Lucia
190,0,0,0,0,0,0,0,0,0,0,0,0,0,0,0,0,0,0,0,0,0,0,0,0,0,0,0,0,0,0,0,0,0,0,0,0,0,0,0,0,0,0,0,0,1,1,1,1,1,1,0,1,1,1,1,1,1,1,1,1,1,0,1,1,0,0,0,0,0,0,1,Saint Vincent and the Grenadines
191,0,0,0,0,0,0,0,0,0,0,0,0,0,0,0,0,0,0,0,0,0,0,0,0,0,0,0,0,0,1,1,1,0,0,0,0,0,0,0,1,51,62,69,80,80,101,109,109,119,119,8,144,144,175,187,187,208,208,223,224,224,10,230,236,16,21,21,23,36,36,236,San Marino
192,0,0,0,0,0,0,0,0,0,0,0,0,0,0,0,0,0,0,0,0,0,0,0,0,0,0,0,0,0,0,0,0,0,0,0,0,0,0,0,0,20,21,45,86,103,103,118,171,171,274,1,344,392,511,562,767,900,1012,1104,1203,1299,1,1453,1563,1,5,5,5,11,15,1720,Saudi Arabia
193,0,0,0,0,0,0,0,0,0,0,0,0,0,0,0,0,0,0,0,0,0,0,0,0,0,0,0,0,0,0,0,0,0,0,0,0,0,0,0,0,4,4,4,10,10,24,24,26,31,31,1,38,47,67,79,86,99,105,119,130,142,2,162,175,4,4,4,4,4,4,190,Senegal
194,0,0,0,0,0,0,0,0,0,0,0,0,0,0,0,0,0,0,0,0,0,0,0,0,0,0,0,0,0,0,0,0,0,0,0,0,0,0,0,0,5,12,19,35,46,48,55,65,83,103,0,135,171,222,249,303,384,384,457,659,741,0,785,900,0,0,1,1,1,1,1060,Serbia
195,0,0,0,0,0,0,0,0,0,0,0,0,0,0,0,0,0,0,0,0,0,0,0,0,0,0,0,0,0,0,0,0,0,0,0,0,0,0,0,0,0,0,0,0,2,2,3,4,4,6,0,7,7,7,7,7,7,7,7,8,8,0,8,10,0,0,0,0,0,0,10,Seychelles
196,0,1,3,3,4,5,7,7,10,13,16,45,47,50,58,67,72,75,77,81,84,18,84,85,85,89,89,91,93,93,93,102,18,24,28,28,30,33,40,106,160,178,178,200,212,226,243,266,313,345,108,385,432,455,509,558,631,683,732,802,844,110,879,926,110,117,130,138,150,150,1000,Singapore
197,0,0,0,0,0,0,0,0,0,0,0,0,0,0,0,0,0,0,0,0,0,0,0,0,0,0,0,0,0,0,0,0,0,0,0,0,0,0,0,0,7,10,16,32,44,54,63,72,105,123,0,137,178,185,186,204,216,226,269,292,314,0,336,363,0,0,1,1,3,3,400,Slovakia
198,0,0,0,0,0,0,0,0,0,0,0,0,0,0,0,0,0,0,0,0,0,0,0,0,0,0,0,0,0,0,0,0,0,0,0,0,0,0,0,0,31,57,89,141,181,219,253,275,275,286,0,341,383,414,442,480,528,562,632,684,730,0,756,802,0,2,7,7,16,16,841,Slovenia
199,0,0,0,0,0,0,0,0,0,0,0,0,0,0,0,0,0,0,0,0,0,0,0,0,0,0,0,0,0,0,0,0,0,0,0,0,0,0,0,0,0,0,0,0,0,0,1,1,1,1,0,1,1,1,1,1,1,2,3,3,3,0,3,5,0,0,0,0,0,0,5,Somalia
200,0,0,0,0,0,0,0,0,0,0,0,0,0,0,0,0,0,0,0,0,0,0,0,0,0,0,0,0,0,0,0,0,0,0,0,0,0,0,0,0,7,13,17,24,38,51,62,62,116,150,0,202,240,274,402,554,709,927,1170,1187,1280,0,1326,1353,0,1,1,1,3,3,1380,South Africa
201,0,0,0,0,0,0,0,0,0,0,1,2,2,2,2,2,2,2,2,2,2,1,2,2,2,2,2,6,13,15,32,45,1,1,1,1,1,1,2,84,1695,2277,2277,5232,6391,7798,9942,11748,13910,17963,120,20410,25374,28768,35136,39885,49515,57786,65719,73235,80110,165,87956,95923,222,259,400,500,673,1073,104118,Spain
202,0,0,0,0,0,1,1,1,1,1,1,1,1,1,1,1,1,1,1,1,1,1,1,1,1,1,1,1,1,1,1,1,1,1,1,1,1,1,1,1,1,2,2,6,10,18,28,44,51,60,1,73,77,82,97,102,102,106,106,113,117,1,122,143,1,1,1,1,1,1,146,Sri Lanka
203,0,0,0,0,0,0,0,0,0,0,0,0,0,0,0,0,0,0,0,0,0,0,0,0,0,0,0,0,0,0,0,0,0,0,0,0,0,0,0,0,0,0,0,1,1,1,1,1,2,2,0,2,2,2,2,3,3,3,3,5,6,0,6,7,0,0,0,0,0,0,7,Sudan
204,0,0,0,0,0,0,0,0,0,0,0,0,0,0,0,0,0,0,0,0,0,0,0,0,0,0,0,0,0,0,0,0,0,0,0,0,0,0,0,0,0,0,0,0,1,1,1,1,1,1,0,4,4,5,5,7,8,8,8,8,8,0,8,9,0,0,0,0,0,0,10,Suriname
205,0,0,0,0,0,0,0,0,0,1,1,1,1,1,1,1,1,1,1,1,1,1,1,1,1,1,1,1,2,7,7,12,1,1,1,1,1,1,1,14,355,500,599,814,961,1022,1103,1190,1279,1439,15,1639,1763,1934,2046,2286,2526,2840,3069,3447,3700,21,4028,4435,35,94,101,161,203,248,4947,Sweden
206,0,0,0,0,0,0,0,0,0,0,0,0,0,0,0,0,0,0,0,0,0,0,0,0,0,0,0,1,1,8,8,18,0,0,0,0,0,0,0,27,491,652,652,1139,1359,2200,2200,2700,3028,4075,42,5294,6575,7474,8795,9877,10897,11811,12928,14076,14829,56,15922,16605,90,114,214,268,337,374,17768,Switzerland
207,1,1,3,3,4,5,8,8,9,10,10,18,18,18,18,18,18,20,22,22,23,10,24,26,26,28,30,31,32,32,34,39,10,11,11,16,16,17,18,40,47,48,49,50,53,59,67,77,100,108,41,135,153,169,195,215,235,252,267,283,298,42,306,322,42,44,45,45,45,45,329,Taiwan*
208,0,0,0,0,0,0,0,0,0,0,0,0,0,0,0,0,0,0,0,0,0,0,0,0,0,0,0,0,0,0,0,0,0,0,0,0,0,0,0,0,0,0,0,0,0,0,1,1,3,6,0,6,6,12,12,12,12,13,13,14,14,0,19,19,0,0,0,0,0,0,20,Tanzania
209,2,3,5,7,8,8,14,14,14,19,19,32,33,33,33,33,33,34,35,35,35,19,35,35,35,35,35,37,40,40,41,42,19,25,25,25,25,32,32,42,53,59,70,75,82,114,147,177,212,272,43,322,411,599,721,827,934,1045,1136,1245,1388,43,1524,1651,43,47,48,50,50,50,1771,Thailand
210,0,0,0,0,0,0,0,0,0,0,0,0,0,0,0,0,0,0,0,0,0,0,0,0,0,0,0,0,0,0,0,0,0,0,0,0,0,0,0,0,1,1,1,1,1,1,1,1,1,1,0,9,16,16,18,20,23,23,25,25,25,0,30,34,0,0,1,1,1,1,36,Togo
211,0,0,0,0,0,0,0,0,0,0,0,0,0,0,0,0,0,0,0,0,0,0,0,0,0,0,0,0,0,0,0,0,0,0,0,0,0,0,0,0,0,0,0,0,2,2,4,5,7,9,0,9,49,50,51,57,60,65,66,74,78,0,82,87,0,0,0,0,0,0,90,Trinidad and Tobago
212,0,0,0,0,0,0,0,0,0,0,0,0,0,0,0,0,0,0,0,0,0,0,0,0,0,0,0,0,0,0,0,0,0,0,0,0,0,0,0,0,5,7,7,16,18,18,20,24,29,39,0,54,60,75,89,114,173,197,227,278,312,0,312,394,1,1,1,1,2,2,423,Tunisia
213,0,0,0,0,0,0,0,0,0,0,0,0,0,0,0,0,0,0,0,0,0,0,0,0,0,0,0,0,0,0,0,0,0,0,0,0,0,0,0,0,0,1,1,5,5,6,18,47,98,192,0,359,670,1236,1529,1872,2433,3629,5698,7402,9217,0,10827,13531,0,0,0,0,0,0,15679,Turkey
214,0,0,0,0,0,0,0,0,0,0,0,0,0,0,0,0,0,0,0,0,0,0,0,0,0,0,0,0,0,0,0,0,0,0,0,0,0,0,0,0,0,0,0,0,0,0,0,0,0,0,0,0,1,1,9,9,14,14,23,30,33,0,33,44,0,0,0,0,0,0,44,Uganda
215,0,0,0,0,0,0,0,0,0,0,0,0,0,0,0,0,0,0,0,0,0,0,0,0,0,0,0,0,0,0,0,0,0,0,0,0,0,0,0,0,1,1,1,3,3,3,7,14,14,16,0,29,47,73,73,97,145,196,310,356,475,1,548,645,1,1,1,1,1,1,794,Ukraine
216,0,0,0,0,0,0,0,4,4,4,4,8,8,8,8,8,8,9,9,9,9,5,9,9,13,13,13,13,13,13,19,21,5,5,5,5,5,7,7,21,74,74,85,85,85,98,98,98,113,140,21,140,153,153,198,248,333,333,405,468,570,27,611,664,27,29,29,45,45,45,814,United Arab Emirates
224,0,0,0,0,0,0,0,0,0,0,0,0,0,0,0,0,0,0,0,0,0,0,0,0,0,0,0,0,0,0,0,0,0,0,0,0,0,0,0,0,0,0,0,0,4,4,8,29,50,79,0,94,110,158,162,162,189,217,238,274,304,0,310,338,0,0,0,0,0,0,338,Uruguay
225,1,1,2,2,5,5,5,5,5,7,8,11,12,12,13,13,13,13,13,13,13,8,13,15,15,15,51,51,57,58,60,68,11,11,11,11,11,11,11,74,959,1281,1663,2179,2727,3499,4632,6421,7783,13677,98,19100,25489,33276,43847,53740,65778,83836,101657,121478,140886,118,161807,188172,149,217,262,402,518,583,213372,US
226,0,0,0,0,0,0,0,0,0,0,0,0,0,0,0,0,0,0,0,0,0,0,0,0,0,0,0,0,0,0,0,0,0,0,0,0,0,0,0,0,0,0,0,0,0,1,6,10,15,23,0,33,43,43,46,50,60,75,88,104,144,0,149,172,0,0,0,0,0,0,181,Uzbekistan
227,0,0,0,0,0,0,0,0,0,0,0,0,0,0,0,0,0,0,0,0,0,0,0,0,0,0,0,0,0,0,0,0,0,0,0,0,0,0,0,0,0,0,0,0,2,10,17,33,36,42,0,42,70,70,77,84,91,107,107,119,119,0,135,135,0,0,0,0,0,0,143,Venezuela
228,0,2,2,2,2,2,2,2,2,2,6,14,15,15,16,16,16,16,16,16,16,6,16,16,16,16,16,16,16,16,16,16,8,8,8,10,10,13,13,16,31,38,39,47,53,56,61,66,75,85,16,91,94,113,123,134,141,153,163,174,188,16,203,212,16,16,16,18,30,30,218,Vietnam
229,0,0,0,0,0,0,0,0,0,0,0,0,0,0,0,0,0,0,0,0,0,0,0,0,0,0,0,0,0,0,0,0,0,0,0,0,0,0,0,0,0,0,0,0,0,0,0,0,2,2,0,2,2,3,3,3,12,16,22,28,29,0,35,35,0,0,0,0,0,0,36,Zambia
230,0,0,0,0,0,0,0,0,0,0,0,0,0,0,0,0,0,0,0,0,0,0,0,0,0,0,0,0,0,0,0,0,0,0,0,0,0,0,0,0,0,0,0,0,0,0,0,0,0,0,0,1,3,3,3,3,3,3,5,7,7,0,7,8,0,0,0,0,0,0,8,Zimbabwe
232,0,0,0,0,0,0,0,0,0,0,0,0,0,0,0,0,0,0,0,0,0,0,0,0,0,0,0,0,0,0,0,0,0,0,0,0,0,0,0,0,0,0,0,0,0,0,0,0,0,0,0,0,0,1,2,2,7,11,11,11,11,0,11,12,0,0,0,0,0,0,12,Dominica
233,0,0,0,0,0,0,0,0,0,0,0,0,0,0,0,0,0,0,0,0,0,0,0,0,0,0,0,0,0,0,0,0,0,0,0,0,0,0,0,0,0,0,0,0,0,0,0,0,0,0,0,0,0,1,1,1,1,7,7,7,9,0,9,9,0,0,0,0,0,0,9,Grenada
234,0,0,0,0,0,0,0,0,0,0,0,0,0,0,0,0,0,0,0,0,0,0,0,0,0,0,0,0,0,0,0,0,0,0,0,0,0,0,0,0,0,0,0,0,0,0,0,0,0,0,0,0,0,1,1,3,5,7,7,8,8,0,8,8,0,0,0,0,0,0,10,Mozambique
235,0,0,0,0,0,0,0,0,0,0,0,0,0,0,0,0,0,0,0,0,0,0,0,0,0,0,0,0,0,0,0,0,0,0,0,0,0,0,0,0,0,0,0,0,0,0,0,0,0,0,0,0,0,1,1,1,5,5,5,5,9,0,10,10,0,0,0,0,0,0,10,Syria
236,0,0,0,0,0,0,0,0,0,0,0,0,0,0,0,0,0,0,0,0,0,0,0,0,0,0,0,0,0,0,0,0,0,0,0,0,0,0,0,0,0,0,0,0,0,0,0,0,0,0,0,0,0,1,1,1,1,1,1,1,1,0,1,1,0,0,0,0,0,0,1,Timor-Leste
237,0,0,0,0,0,0,0,0,0,0,0,0,0,0,0,0,0,0,0,0,0,0,0,0,0,0,0,0,0,0,0,0,0,0,0,0,0,0,0,0,0,0,0,0,0,0,0,0,0,0,0,0,0,0,1,1,2,2,2,2,2,0,3,3,0,0,0,0,0,0,3,Belize
239,0,0,0,0,0,0,0,0,0,0,0,0,0,0,0,0,0,0,0,0,0,0,0,0,0,0,0,0,0,0,0,0,0,0,0,0,0,0,0,0,0,0,0,0,0,0,0,0,0,0,0,0,0,0,0,2,3,6,6,8,8,0,8,9,0,0,0,0,0,0,10,Laos
240,0,0,0,0,0,0,0,0,0,0,0,0,0,0,0,0,0,0,0,0,0,0,0,0,0,0,0,0,0,0,0,0,0,0,0,0,0,0,0,0,0,0,0,0,0,0,0,0,0,0,0,0,0,0,0,1,1,1,1,3,8,0,8,10,0,0,0,0,0,0,10,Libya
241,0,0,0,0,0,0,0,0,0,0,0,0,0,0,0,0,0,0,0,0,0,0,0,0,0,0,0,0,0,0,0,0,0,0,0,0,0,0,0,0,26,30,30,31,35,38,38,39,41,44,0,47,48,52,59,59,59,84,91,98,109,0,116,119,0,4,7,16,16,19,134,West Bank and Gaza
242,0,0,0,0,0,0,0,0,0,0,0,0,0,0,0,0,0,0,0,0,0,0,0,0,0,0,0,0,0,0,0,0,0,0,0,0,0,0,0,0,0,0,0,0,0,0,0,0,0,0,0,0,0,0,0,0,2,2,2,2,2,0,8,8,0,0,0,0,0,0,9,Guinea-Bissau
243,0,0,0,0,0,0,0,0,0,0,0,0,0,0,0,0,0,0,0,0,0,0,0,0,0,0,0,0,0,0,0,0,0,0,0,0,0,0,0,0,0,0,0,0,0,0,0,0,0,0,0,0,0,0,0,0,2,4,11,18,18,0,25,28,0,0,0,0,0,0,31,Mali
244,0,0,0,0,0,0,0,0,0,0,0,0,0,0,0,0,0,0,0,0,0,0,0,0,0,0,0,0,0,0,0,0,0,0,0,0,0,0,0,0,0,0,0,0,0,0,0,0,0,0,0,0,0,0,0,0,2,2,2,2,2,0,7,8,0,0,0,0,0,0,8,Saint Kitts and Nevis
247,0,0,0,0,0,0,0,0,0,0,0,0,0,0,0,0,0,0,0,0,0,0,0,0,0,0,0,0,0,0,0,0,0,0,0,0,0,0,0,0,0,0,0,0,0,0,0,0,0,0,0,0,0,0,0,0,0,71,86,91,94,0,94,112,0,0,0,0,0,0,125,Kosovo
248,0,0,0,0,0,0,0,0,0,0,0,0,0,0,0,0,0,0,0,0,0,0,0,0,0,0,0,0,0,0,0,0,0,0,0,0,0,0,0,0,0,0,0,0,0,0,0,0,0,0,0,0,0,0,0,0,0,0,8,8,10,0,14,15,0,0,0,0,0,0,15,Burma
252,0,0,0,0,0,0,0,0,0,0,0,0,0,0,0,0,0,0,0,0,0,0,0,0,0,0,0,0,0,0,0,0,0,0,0,0,0,0,0,0,0,0,0,0,0,0,0,0,0,0,0,0,0,0,0,0,0,0,0,2,2,0,2,2,0,0,0,0,0,0,9,MS Zaandam
253,0,0,0,0,0,0,0,0,0,0,0,0,0,0,0,0,0,0,0,0,0,0,0,0,0,0,0,0,0,0,0,0,0,0,0,0,0,0,0,0,0,0,0,0,0,0,0,0,0,0,0,0,0,0,0,0,0,0,0,0,0,0,3,4,0,0,0,0,0,0,4,Botswana
254,0,0,0,0,0,0,0,0,0,0,0,0,0,0,0,0,0,0,0,0,0,0,0,0,0,0,0,0,0,0,0,0,0,0,0,0,0,0,0,0,0,0,0,0,0,0,0,0,0,0,0,0,0,0,0,0,0,0,0,0,0,0,0,2,0,0,0,0,0,0,2,Burundi
255,0,0,0,0,0,0,0,0,0,0,0,0,0,0,0,0,0,0,0,0,0,0,0,0,0,0,0,0,0,0,0,0,0,0,0,0,0,0,0,0,0,0,0,0,0,0,0,0,0,0,0,0,0,0,0,0,0,0,0,0,0,0,0,1,0,0,0,0,0,0,2,Sierra Leone
0,,,0.0,0.0,0.0,0.0,0.0,0.0,0.0,0.0,0.0,0.0,0.0,0.0,0.0,0.0,0.0,0.0,0.0,0.0,0.0,0.0,0.0,0.0,0.0,0.0,0.0,0.0,0.0,1.0,1.0,6.0,0.0,0.0,0.0,0.0,0.0,0.0,0.0,10.0,382.0,503.0,503.0,806.0,962.0,1138.0,1416.0,1711.0,2058.0,2467.0,18.0,3003.0,3640.0,4217.0,4764.0,5580.0,6438.0,7468.0,8647.0,9819.0,10930.0,24.0,11817.0,12667.0,38.0,82.0,128.0,188.0,265.0,321.0,13696.0,Netherlands
0,,,0.0,0.0,0.0,0.0,0.0,0.0,0.0,0.0,0.0,0.0,0.0,0.0,0.0,0.0,0.0,0.0,0.0,0.0,0.0,0.0,0.0,0.0,0.0,0.0,0.0,0.0,0.0,1.0,1.0,3.0,0.0,0.0,0.0,0.0,0.0,0.0,0.0,4.0,264.0,444.0,617.0,804.0,836.0,875.0,933.0,1025.0,1116.0,1225.0,4.0,1337.0,1420.0,1514.0,1572.0,1718.0,1862.0,2023.0,2200.0,2366.0,2564.0,6.0,2755.0,3039.0,11.0,11.0,24.0,24.0,37.0,92.0,3290.0,Denmark
0,,,2.0,3.0,3.0,3.0,4.0,5.0,5.0,5.0,6.0,11.0,11.0,11.0,11.0,11.0,12.0,12.0,12.0,12.0,12.0,6.0,12.0,12.0,12.0,12.0,12.0,14.0,18.0,38.0,57.0,100.0,6.0,6.0,6.0,6.0,6.0,11.0,11.0,130.0,1794.0,2293.0,2293.0,3681.0,4496.0,4532.0,6683.0,7715.0,9124.0,10970.0,191.0,12758.0,14463.0,16243.0,20123.0,22622.0,25600.0,29551.0,33402.0,38105.0,40708.0,204.0,45170.0,52827.0,288.0,380.0,656.0,959.0,1136.0,1219.0,57749.0,France
0,548,643,920,1406,2075,2877,5509,6087,8141,9802,11891,42354,44386,44759,59895,66358,68413,70513,72434,74211,74619,16630,75077,75550,77001,77022,77241,77754,78166,78600,78928,79356,19716,23707,27440,30587,34110,36814,39829,79932,80887,80921,80932,80945,80977,81003,81033,81058,81102,81156,80136,81250,81305,81435,81498,81591,81661,81782,81897,81999,82122,80261,82198,82279,80386,80537,80690,80770,80823,80860,82361,China
0,0,0,0,0,4,5,5,6,9,9,12,15,15,15,15,15,15,15,15,15,15,12,15,15,15,15,15,15,15,15,15,25,12,13,13,14,15,15,15,27,107,128,128,200,250,297,377,452,568,681,30,791,1071,1549,1682,2044,2364,2810,3143,3640,3984,39,4361,4559,52,55,60,63,76,91,4862,Australia
0,0,0,0,0,1,1,2,2,2,4,4,7,7,7,7,7,7,7,8,8,8,4,8,9,9,9,10,11,11,13,14,20,4,4,5,5,7,7,7,24,79,108,117,193,198,252,415,478,657,800,27,943,1277,1469,2088,2790,3251,4042,4682,5576,6280,30,7398,8527,33,37,49,54,64,77,9560,Canada
0,1,1,2,2,5,5,5,5,5,7,8,11,12,12,13,13,13,13,13,13,13,8,13,15,15,15,15,15,15,16,16,24,11,11,11,11,11,11,11,30,708,1105,1557,2147,2857,2918,4307,6096,8873,14024,53,19230,25627,33621,43663,53736,65778,83836,101657,121478,140886,73,161807,188172,104,172,217,336,450,514,213362,US
217,0,0,0,0,0,0,0,0,0,0,0,0,0,0,0,0,0,0,0,0,0,0,0,0,0,0,0,0,0,0,0,0,0,0,0,0,0,0,0,0,0,0,0,0,0,0,0,0,0,2,0,2,2,6,6,6,7,15,17,17,22,0,27,32,0,0,0,0,0,0,32,Bermuda
218,0,0,0,0,0,0,0,0,0,0,0,0,0,0,0,0,0,0,0,0,0,0,0,0,0,0,0,0,0,0,0,0,0,0,0,0,0,0,0,0,0,0,0,1,1,1,1,1,1,3,0,3,3,3,5,6,8,8,8,8,8,0,12,14,0,0,0,0,0,0,22,Cayman Islands
219,0,0,0,0,0,0,0,0,0,0,0,0,0,0,0,0,0,0,0,0,0,0,0,0,0,0,0,0,0,0,0,0,0,0,0,0,0,0,0,0,1,2,2,2,2,3,6,6,6,11,0,14,32,32,36,36,46,66,88,97,108,0,141,141,0,0,0,0,0,0,172,Channel Islands
220,0,0,0,0,0,0,0,0,0,0,0,0,0,0,0,0,0,0,0,0,0,0,0,0,0,0,0,0,0,0,0,0,0,0,0,0,0,0,0,0,1,1,1,1,1,1,1,3,8,10,0,10,10,15,15,15,26,35,55,56,65,0,69,69,1,1,1,1,1,1,81,Gibraltar
221,0,0,0,0,0,0,0,0,0,0,0,0,0,0,0,0,0,0,0,0,0,0,0,0,0,0,0,0,0,0,0,0,0,0,0,0,0,0,0,0,0,0,0,0,0,0,0,0,0,0,0,1,1,5,13,23,23,25,29,32,42,0,49,60,0,0,0,0,0,0,68,Isle of Man
222,0,0,0,0,0,0,0,0,0,0,0,0,0,0,0,0,0,0,0,0,0,0,0,0,0,0,0,0,0,0,0,0,0,0,0,0,0,0,0,0,0,0,0,0,0,0,0,0,1,1,0,1,1,1,1,1,1,5,5,5,5,0,5,5,0,0,0,0,0,0,5,Montserrat
223,0,0,0,0,0,0,0,0,0,2,2,8,8,9,9,9,9,9,9,9,9,2,9,9,9,9,13,13,13,15,20,23,2,2,2,2,3,3,3,36,382,456,456,798,1140,1140,1543,1950,2626,2689,40,3983,5018,5683,6650,8077,9529,11658,14543,17089,19522,51,22141,25150,85,115,163,206,273,321,29474,UK
249,0,0,0,0,0,0,0,0,0,0,0,0,0,0,0,0,0,0,0,0,0,0,0,0,0,0,0,0,0,0,0,0,0,0,0,0,0,0,0,0,0,0,0,0,0,0,0,0,0,0,0,0,0,0,0,0,0,0,0,2,2,0,2,2,0,0,0,0,0,0,2,Anguilla
250,0,0,0,0,0,0,0,0,0,0,0,0,0,0,0,0,0,0,0,0,0,0,0,0,0,0,0,0,0,0,0,0,0,0,0,0,0,0,0,0,0,0,0,0,0,0,0,0,0,0,0,0,0,0,0,0,0,0,0,2,2,0,2,3,0,0,0,0,0,0,3,British Virgin Islands
251,0,0,0,0,0,0,0,0,0,0,0,0,0,0,0,0,0,0,0,0,0,0,0,0,0,0,0,0,0,0,0,0,0,0,0,0,0,0,0,0,0,0,0,0,0,0,0,0,0,0,0,0,0,0,0,0,0,0,0,4,4,0,5,5,0,0,0,0,0,0,6,Turks and Caicos Islands
